#cb_types.txt;;;;;;;;;;;;;;
dismantle_cb;���� ��ü;Dismantle Nation;Grande Guerre;Gesamtkrieg;;;;;;;;;;;
dismantle_cb_short;$RECIPIENT$���� ���� ��ü �䱸;Force $RECIPIENT$ to dismantle their empire;Reduire $RECIPIENT$;Reduzieren Sie die Gro��e von $RECIPIENT$;;;;;;;;;;;
dismantle_cb_desc;�� �Y���뱹�W���� ���� ��ü�� ���� ������ �䱸�մϴ�.;Force an enemy �Ygreat power�W to dismantle their empire and pay reparations;Obliger un autre �Ypays�W a se desarmer et a nous verser des compensations;Zwischen Sie ein anderes �YLand�W zur Abrustung und zu Reparationszahlungen an uns.;;;;;;;;;;;
dismantle_cb_setup;$RECIPIENT$���� ���� ��ü�� �䱸�մϴ�.;Force $RECIPIENT$ to dismantle their empire;Reduire $RECIPIENT$;Reduzieren Sie die Gro��e von $RECIPIENT$;;;;;;;;;;;
dismantle_cb_add;���� ��ü;Dismantle Nation;Grande Guerre;Gro��er Krieg;;;;;;;;;;;
dismantle_cb_add_short;$RECIPIENT$���� ���� ��ü �䱸;Force $RECIPIENT$ to dismantle their empire;Reduire $RECIPIENT$;Reduzieren Sie die Gro��e von $RECIPIENT$;;;;;;;;;;;
dismantle_cb_add_desc;�� �Y���뱹�W���� ���� ��ü�� ���� ������ �䱸�մϴ�.;Force an enemy �Ygreat power�W to dismantle their empire and pay reparations;Obliger un autre �Ypays�W a se desarmer et a nous verser des compensations;Zwischen Sie ein anderes �YLand�W zur Abrustung und zu Reparationszahlungen an uns.;;;;;;;;;;;
dismantle_cb_add_setup;$RECIPIENT$���� ���� ��ü�� �䱸�մϴ�.;Force $RECIPIENT$ to dismantle their empire;Reduire $RECIPIENT$;Reduzieren Sie die Gro��e von $RECIPIENT$;;;;;;;;;;;
dismantle_cb_add_new;���� ��ü;Dismantle Nation;Grande Guerre;Gro��er Krieg;;;;;;;;;;;
dismantle_cb_add_new_short;$RECIPIENT$���� ���� ��ü �䱸;Force $RECIPIENT$ to dismantle their empire;Reduire $RECIPIENT$;Reduzieren Sie die Gro��e von $RECIPIENT$;;;;;;;;;;;
dismantle_cb_add_new_desc;�� �Y���뱹�W���� ���� ��ü�� ���� ������ �䱸�մϴ�.;Force an enemy �Ygreat power�W to dismantle their empire and pay reparations;Obliger un autre �Ypays�W a se desarmer et a nous verser des compensations;Zwischen Sie ein anderes �YLand�W zur Abrustung und zu Reparationszahlungen an uns.;;;;;;;;;;;
dismantle_cb_add_new_setup;$RECIPIENT$���� ���� ��ü�� �䱸�մϴ�.;Force $RECIPIENT$ to dismantle their empire;Reduire $RECIPIENT$;Reduzieren Sie die Gro��e von $RECIPIENT$;;;;;;;;;;;
acquire_core_state;������ ����;Acquire core;Prendre territoire cle;Kernprovinz erwerben;;;;;;;;;;;
acquire_core_state_short;$STATE$ ����;Acquire $STATE$;Prendre $STATE$;$STATE$ erwerben;;;;;;;;;;;
acquire_core_state_desc;�츮������ �Y������ ���� �����W�� ���� �Y�֧W�� ȹ���մϴ�.;Aquire an enemy �Ystate�W where we have �Ycore provinces�W;Prendre un �YEtat�W ennemi ou nous avons des �Yprovinces principales�W;Erobern Sie einen feindlichen �YStaat�W, in dem wir �YKernprovinzen�W haben.;;;;;;;;;;;
acquire_core_state_setup;$RECIPIENT$���Լ� $STATE$��(��) ȹ���մϴ�.;Acquire core $STATE$ from $RECIPIENT$;Prendre Etat cle $STATE$ de $RECIPIENT$;Kern-$STATE$ von $RECIPIENT$ erwerben;;;;;;;;;;;
acquire_all_cores;��ü ������ ����;Acquire All Cores;;;;;;;;;;;;;
acquire_all_cores_short;$RECIPIENT$�� ������ ��ü ������ ����;Acquire all cores from $RECIPIENT$;;;;;;;;;;;;;
acquire_all_cores_desc;�츮������ �Y������ ���� �����W�� ���� �Y�֧W���� ȹ���մϴ�.;Aquire all enemy �Ystates�W where we have �Ycore provinces�W;;;;;;;;;;;;;
acquire_all_cores_setup;$RECIPIENT$���Լ� ��ü ������ ���� ������ ȹ���մϴ�.;Acquire all core provinces from $RECIPIENT$;;;;;;;;;;;;;
unification_casus_belli;��������;War of Unification;Guerre d'unification;Vereinigungskrieg;;;;;;;;;;;
unification_casus_belli_short;$STATE$ �ع�;Liberate $STATE$ ;Liberer $STATE$ ;Befreien Sie $STATE$;;;;;;;;;;;
unification_casus_belli_desc;�츮������ �Y��ȭ���էW�� �������� ��ġ�� ������ �ع��մϴ�.;;Liberate core territory of our �YCultural Union�W;Liberer un territoire cle de notre �Yunion culturelle�W;Befreien Sie das Kerngebiet unserer �YKulturunion�W;;;;;;;;;;;
unification_casus_belli_setup;�츮������ �Y��ȭ���էW�� �������� ��ġ�� ������ �ع��մϴ�.;Liberate core territory of our �YCultural Union�W.;Liberez un territoire cle de notre �Yunion culturelle�W.;Befreien Sie das Kerngebiet unserer �YKulturunion�W;;;;;;;;;;;
civil_war;����;Civil War;Guerre civile;Burgerkrieg;;;;;;;;;;;
civil_war_short;���� ����;Unite the nation;Unifier la nation;Einen Sie die Nation!;;;;;;;;;;;
civil_war_desc;�츮����� ���� ��Ȳ�Դϴ�.;Your nation is in a state of civil war;Votre nation est en guerre civile;Ihre Nation befindet sich in einem Burgerkrieg.;;;;;;;;;;;
civil_war_setup;������ �� ��� �Ʒ� �ٽ� ���������ν� ������ �����ϴ�.;End the war by reuniting our nation under a common banner again.;Mettez fin a la guerre en reunifiant notre nation sous une meme banniere.;Beenden Sie den Krieg durch die Wiedervereinigung unserer Nation unter einer gemeinsamen Flagge.;;;;;;;;;;;
unification_annex_casus_belli;��������;War of Unification;Guerre d'unification;Vereinigungskrieg;;;;;;;;;;;
unification_annex_casus_belli_short;�պ�;Annexation;Annexion;Annektierung;;;;;;;;;;;
unification_annex_casus_belli_desc;�츮������ �Y��ȭ���էW�� �������� ��ġ�� ������ �ع��մϴ�.;Liberate core territory of our �YCultural Union�W.;Liberez un territoire cle de notre �Yunion culturelle�W.;Befreien Sie das Kerngebiet unserer �YKulturunion�W;;;;;;;;;;;
unification_annex_casus_belli_setup;�츮������ �Y��ȭ���էW�� �������� ��ġ�� ������ �ع��մϴ�.;Liberate core territory of our �YCultural Union�W.;Liberez un territoire cle de notre �Yunion culturelle�W.;Befreien Sie das Kerngebiet unserer �YKulturunion�W;;;;;;;;;;;
annex_core_country;���� ȸ��;Restore Order;Retablir l'ordre;Stellen Sie die Ordnung wieder her;;;;;;;;;;;
annex_core_country_short;$RECIPIENT$ �պ�;Annex $RECIPIENT$;Annexer $RECIPIENT$;Annektieren Sie $RECIPIENT$;;;;;;;;;;;
annex_core_country_desc;���� ��ü�� �츮������ �����ǿ� ���ϴ� �Y�����W�� �պ��մϴ�.;Annex a foreign �Ycountry�W all provinces of which are your cores.;Annexez un �Ypays�W etranger dont toutes les provinces sont vos territoires cles.;Annektieren Sie alle Provinzen eines auslandischen �YLandes�W, die zu Ihren Kernprovinzen gehoren.;;;;;;;;;;;
annex_core_country_setup;$RECIPIENT$��(��) �պ��մϴ�.;Annex $RECIPIENT$;Annexer $RECIPIENT$;Annektieren Sie $RECIPIENT$;;;;;;;;;;;
add_to_sphere;����� ����;Add to Sphere;ajouter a la sphere;In Einflusssphare aufnehmen;;;;;;;;;;;
add_to_sphere_short;$RECIPIENT$ ����� ����;Add $RECIPIENT$ to Sphere of Influence;ajouter $RECIPIENT$ a la sphere d'influence;$RECIPIENT$ in Einflusssphare aufnehmen;;;;;;;;;;;
add_to_sphere_desc;������ �츮������ �Y����ǧW�� �����մϴ�.;Add country to our �YSphere of Influence�W;Ajouter un pays a notre �Ysphere d'influence�W;Fugen Sie das Land Ihrer �YEinflusssphare�W hinzu.;;;;;;;;;;;
add_to_sphere_setup;$RECIPIENT$��(��) ����ǿ� �����մϴ�.;Add $RECIPIENT$ to Sphere of Influence;ajouter $RECIPIENT$ a la sphere d'influence;$RECIPIENT$ in Einflusssphare aufnehmen;;;;;;;;;;;
unification_humiliate_cb;�б� ����;Assert Hegemony;Imposer l'hegemonie;Vorherrschaft durchsetzen;;;;;;;;;;;
unification_humiliate_cb_short;�б� �ο�;Admit Hegemony;Admettre l'hegemonie;Vorherrschaft anerkennen;;;;;;;;;;;
unification_humiliate_cb_desc;��ȭ������ ���� ���뱹���� �ֵ��� �̾��� �䱸�մϴ�.;Force another Great Power to concede your leadership over your common cultural union. All his influence over countries in the area will be lost.;Force une autre Grande Puissance a vous conceder la primaute dans votre union culturelle commune. Toute son influence sur les pays de la zone sera perdue.;Zwingen Sie eine andere Gro��macht, Ihre Fuhrung Ihrer gemeinsamen Kulturunion zu akzeptieren. Der Einfluss der anderen Macht uber Lander in dieser Region geht dadurch verloren.;;;;;;;;;;;
unification_humiliate_cb_setup;��ȭ������ ���� ���뱹���� �ֵ��� �̾��� �䱸�մϴ�.;Force another Great Power to concede your leadership over your common cultural union.;Force une autre Grande Puissance a vous conceder la primaute dans votre union culturelle commune.;Zwingen Sie eine andere Gro��macht, Ihre Fuhrung Ihrer gemeinsamen Kulturunion zu akzeptieren.;;;;;;;;;;;
unification_GP_humiliate;���� - ���;Unification Humiliate;Humilier;Erniedrigen;;Humillar;;;;;;;;;
unification_GP_humiliate_short;$RECIPIENT$ ���;Humiliate $RECIPIENT$;Humilier $RECIPIENT$;$RECIPIENT$ erniedrigen;;Humillar a $RECIPIENT$;;;;;;;;;
unification_GP_humiliate_desc;�Y��ȭ���� ���� ���뱹�W���� ����� �����ν� ������� �����ϰ�, �츮������ �Y���ŧW�� ���Ӱ� ���ÿ� �׵��� ������ ����ϴ�.;Show our military might by humiliating an enemy �Ygreater power of our culture group�W, thus increasing our �Yprestige�W while lowering theirs;Afficher notre puissance militaire en humiliant un �Ypays�W ennemi et en augmentant notre �Yprestige�W tout en reduisant le leur;Zeigen Sie unsere Militarmacht durch Erniedrigung eines feindlichen �YLandes�W, wodurch Sie unser �YPrestige�W steigern und ihres verringern.;;Demostrar nuestro poder militar humillando a un �Ypais�W enemigo, para aumentar nuestro �Yprestigio�W y reducir el suyo;;;;;;;;;
unification_GP_humiliate_setup;$RECIPIENT$��(��) ����մϴ�.;Humiliate $RECIPIENT$;Humilier $RECIPIENT$;$RECIPIENT$ erniedrigen;;Humillar a $RECIPIENT$;;;;;;;;;
unification_add_to_sphere;���� - ����� ����; Unification Add to Sphere;ajouter a la sphere;In Einflusssphare aufnehmen;;;;;;;;;;;
unification_add_to_sphere_short;$RECIPIENT$ ����� ����;Add $RECIPIENT$ to Sphere of Influence;ajouter $RECIPIENT$ a la sphere d'influence;$RECIPIENT$ in Einflusssphare aufnehmen;;;;;;;;;;;
unification_add_to_sphere_desc;�Y��ȭ���� ���� �����W�� �츮������ �Y����ǧW�� �����մϴ�.;Add country �Yof our culture group�W to our �YSphere of Influence�W;Ajouter un pays a notre �Ysphere d'influence�W;Fugen Sie das Land Ihrer �YEinflusssphare�W hinzu.;;;;;;;;;;;
unification_add_to_sphere_setup;$RECIPIENT$��(��) ����ǿ� �����մϴ�.;Add $RECIPIENT$ to Sphere of Influence;ajouter $RECIPIENT$ a la sphere d'influence;$RECIPIENT$ in Einflusssphare aufnehmen;;;;;;;;;;;
take_from_sphere;����� ��Ż;Take from sphere of influence;Prendre a la sphere d'influence;Aus Einflusssphare entfernen;;;;;;;;;;;
take_from_sphere_short;$THIRD$ ����� ����;Take $THIRD$ from sphere of influence;Prendre $THIRD$ a la sphere d'influence;$THIRD$ aus Einflusssphare entfernen;;;;;;;;;;;
take_from_sphere_desc;Ÿ���� �Y����ǧW�� ���ϴ� ������ ����ǿ� �����մϴ�.;Remove a country from someone's �YSphere of Influence�W and add it to our own;Supprimer un pays de la �Ysphere d'influence�W de quelqu'un et l'ajouter a la notre;Entfernen Sie ein Land aus einer anderen �YEinflusssphare�W und fugen Sie es Ihrer eigenen hinzu.;;;;;;;;;;;
take_from_sphere_setup;$RECIPIENT$�� ����ǿ� ���ϴ� $THIRD$��(��) �����ǿ� �����մϴ�.;Take $THIRD$ from $RECIPIENT$'s sphere of influence;Prendre $THIRD$ a la sphere d'influence de $RECIPIENT$;$THIRD$ aus Einflusssphare von $RECIPIENT$ entfernen;;;;;;;;;;;
free_peoples;�ι� �ع�;Free people;Peuple libre;Freies Volk;;;;;;;;;;;
free_peoples_short;$THIRD$ $STATE$ ����;$THIRD$ acquires $STATE$;$THIRD$ prend $STATE$;$THIRD$ erwirbt $STATE$;;;;;;;;;;;
free_peoples_desc;�����ڿ��Լ� �Y�����W�� �ع��մϴ�.;Liberate a �Ycountry�W from its oppressors;Liberer un �Ypays�W de ses oppresseurs;Befreien Sie ein �YLand�W von seinen Unterdruckern.;;;;;;;;;;;
free_peoples_setup;$RECIPIENT$��(��) ������ $STATE$��(��) $THIRD$��(��) �����մϴ�.;Hand $STATE$ back to $THIRD$ from $RECIPIENT$;Prendre $STATE$ a $RECIPIENT$ pour le rendre a $THIRD$;Geben Sie $STATE$ an $THIRD$ von $RECIPIENT$ zuruck;;;;;;;;;;;
free_allied_cores;���ͱ� ������ ����;Free Allied Cores;Peuple libre;Freies Volk;;;;;;;;;;;
free_allied_cores_short;$THIRD$ $STATE$ ����;$THIRD$ acquires $STATE$;$THIRD$ prend $STATE$;$THIRD$ erwirbt $STATE$;;;;;;;;;;;
free_allied_cores_desc;�츮������ ����ǿ� ���ϴ� �Y���ͱ��W�� ������ ���� ������ �ع��մϴ�.;Liberate cores belonging to an �Yallied country�W in your sphere;Liberer un �Ypays�W de ses oppresseurs;Befreien Sie ein �YLand�W von seinen Unterdruckern.;;;;;;;;;;;
free_allied_cores_setup;$RECIPIENT$��(��) ������ $STATE$��(��) $THIRD$��(��) �����մϴ�.;Hand $STATE$ back to $THIRD$ from $RECIPIENT$;Prendre $STATE$ a $RECIPIENT$ pour le rendre a $THIRD$;Geben Sie $STATE$ an $THIRD$ von $RECIPIENT$ zuruck;;;;;;;;;;;
release_puppet;���ڱ� �ع�;Release Puppet;Liberer un Etat fantoche;Marionettenstaat entlassen;;;;;;;;;;;
release_puppet_short;$THIRD$ �ع�;$THIRD$ is released;$THIRD$ est libere;$THIRD$ wurde entlassen;;;;;;;;;;;
release_puppet_desc;�ֱ��� Ÿ���� ���ӵ� �Y�����W�� �ع��մϴ�.;Release a �Ycountry�W from its sovereign nation;Liberer un �Ypays�W de sa nation souveraine;Entlassen Sie ein �YLand�W von seinem Herrenland.;;;;;;;;;;;
release_puppet_setup;$RECIPIENT$�� ���ӵ� $THIRD$��(��) �ع��մϴ�.;Release $THIRD$ from $RECIPIENT$;Liberer $THIRD$ de $RECIPIENT$;Entlassen Sie $THIRD$ aus $RECIPIENT$;;;;;;;;;;;
release_puppet_AI;���ڱ� �ع�;Release Puppet;Liberer un Etat fantoche;Marionettenstaat entlassen;;;;;;;;;;;
release_puppet_AI_short;$THIRD$ �ع�;$THIRD$ is released;$THIRD$ est libere;$THIRD$ wurde entlassen;;;;;;;;;;;
release_puppet_AI_desc;�ֱ��� Ÿ���� ���ӵ� �Y�����W�� �ع��մϴ�.;Release a �Ycountry�W from its sovereign nation;Liberer un �Ypays�W de sa nation souveraine;Entlassen Sie ein �YLand�W von seinem Herrenland.;;;;;;;;;;;
release_puppet_AI_setup;$RECIPIENT$�� ���ӵ� $THIRD$��(��) �ع��մϴ�.;Release $THIRD$ from $RECIPIENT$;Liberer $THIRD$ de $RECIPIENT$;Entlassen Sie $THIRD$ aus $RECIPIENT$;;;;;;;;;;;
cut_down_to_size;��¡;Cut down to size;Reduire;Gro��e reduzieren;;;;;;;;;;;
cut_down_to_size_short;$RECIPIENT$ ��¡;Cut $RECIPIENT$ down to size;Reduire $RECIPIENT$;Reduzieren Sie die Gro��e von $RECIPIENT$;;;;;;;;;;;
cut_down_to_size_desc;�YŸ���W���� �������Ѱ� ���� ������ �䱸�մϴ�.;Force another �Ycountry�W to disarm and pay reparations to us;Obliger un autre �Ypays�W a se desarmer et a nous verser des compensations;Zwischen Sie ein anderes �YLand�W zur Abrustung und zu Reparationszahlungen an uns.;;;;;;;;;;;
cut_down_to_size_setup;$RECIPIENT$��(��) ��¡�մϴ�.;Cut $RECIPIENT$ down to size;Reduire $RECIPIENT$;Reduzieren Sie die Gro��e von $RECIPIENT$;;;;;;;;;;;
humiliate;���;Humiliate;Humilier;Erniedrigen;;;;;;;;;;;
humiliate_short;$RECIPIENT$ ���;Humiliate $RECIPIENT$;Humilier $RECIPIENT$;$RECIPIENT$ erniedrigen;;;;;;;;;;;
humiliate_desc;�Y�����W���� ����� �����ν� ������� �����ϰ�, �츮������ �Y���ŧW�� ���Ӱ� ���ÿ� �׵��� ������ ����ϴ�.;;Show our military might by humiliating an enemy �Ycountry�W, thus increasing our �Yprestige�W while lowering theirs;Afficher notre puissance militaire en humiliant un �Ypays�W ennemi et en augmentant notre �Yprestige�W tout en reduisant le leur;Zeigen Sie unsere Militarmacht durch Erniedrigung eines feindlichen �YLandes�W, wodurch Sie unser �YPrestige�W steigern und ihres verringern.;;;;;;;;;;;
humiliate_setup;$RECIPIENT$��(��) ����մϴ�.;Humiliate $RECIPIENT$;Humilier $RECIPIENT$;$RECIPIENT$ erniedrigen;;;;;;;;;;;
place_in_the_sun;�ذ� �ߴ� ��;Place in the sun;Une place au soleil;Ein Platz an der Sonne;;;;;;;;;;;
place_in_the_sun_short;$STATE$ ȹ��;Acquire $STATE$;Prendre $STATE$;$STATE$ erwerben;;;;;;;;;;;
place_in_the_sun_desc;�������Լ� �Y�Ĺ��֧W�� ȹ���մϴ�.;Aquire an enemy �Ycolonial state�W;Prendre un �YEtat colonial�W ennemi;Erobern Sie einen feindlichen �YKolonialstaat�W.;;;;;;;;;;;
place_in_the_sun_setup;$RECIPIENT$���Լ� $STATE$ �Ĺ����� ȹ���մϴ�.;Acquire colony $STATE$ from $RECIPIENT$;Prendre colonie $STATE$ de $RECIPIENT$;Kolonie $STATE$ von $RECIPIENT$ erwerben;;;;;;;;;;;
acquire_state;�� �Ҿ�;Acquire state;Prendre Etat;$STATE$ erwerben;;;;;;;;;;;
acquire_state_short;$STATE$ ȹ��;Acquire $STATE$;Prendre $STATE$;$STATE$ erwerben;;;;;;;;;;;
acquire_state_desc;�������Լ� �Y�֧W�� ȹ���մϴ�.;Aquire an enemy �Ystate�W;Prendre un �YEtat�W ennemi;Erobern Sie einen feindlichen �YStaat�W.;;;;;;;;;;;
acquire_state_setup;$RECIPIENT$���Լ� $STATE$��(��) ȹ���մϴ�.;Acquire $STATE$ from $RECIPIENT$;Prendre $STATE$ de $RECIPIENT$;$STATE$ von $RECIPIENT$ erwerben;;;;;;;;;;;
china_acquire_state;�߱� ����;Chinese Reunification;Prendre Etat;$STATE$ erwerben;;;;;;;;;;;
china_acquire_state_short;$STATE$ ȹ��;Acquire $STATE$;Prendre $STATE$;$STATE$ erwerben;;;;;;;;;;;
china_acquire_state_desc;�߱��� ���ϴ� �Y�֧W�� ȹ���մϴ�.;Aquire a Chinese �Ystate�W;Prendre un �YEtat�W ennemi;Erobern Sie einen feindlichen �YStaat�W.;;;;;;;;;;;
china_acquire_state_setup;$RECIPIENT$���Լ� $STATE$��(��) ȹ���մϴ�.;Acquire $STATE$ from $RECIPIENT$;Prendre $STATE$ de $RECIPIENT$;$STATE$ von $RECIPIENT$ erwerben;;;;;;;;;;;
china_conquest;�߱� ����;Chinese Reunification;Prendre Etat;$STATE$ erwerben;;;;;;;;;;;
china_conquest_short;$RECIPIENT$ �պ�;Annex $RECIPIENT$;Prendre $STATE$;$STATE$ erwerben;;;;;;;;;;;
china_conquest_desc;�߱� �� ���ﱹ�� �պ��մϴ�.;Annex a Chinese rival;Prendre un �YEtat�W ennemi;Erobern Sie einen feindlichen �YStaat�W.;;;;;;;;;;;
china_conquest_setup;$RECIPIENT$��(��) �պ��մϴ�.;Annex $RECIPIENT$;Prendre $STATE$ de $RECIPIENT$;$STATE$ von $RECIPIENT$ erwerben;;;;;;;;;;;
china_acquire_state_2;�߱� ����;Chinese Reunification;Prendre Etat;$STATE$ erwerben;;;;;;;;;;;
china_acquire_state_2_short;$STATE$ ȹ��;Acquire $STATE$;Prendre $STATE$;$STATE$ erwerben;;;;;;;;;;;
china_acquire_state_2_desc;�߱��� ���ϴ� �Y�֧W�� ȹ���մϴ�.;Aquire a Chinese �Ystate�W;Prendre un �YEtat�W ennemi;Erobern Sie einen feindlichen �YStaat�W.;;;;;;;;;;;
china_acquire_state_2_setup;$RECIPIENT$���Լ� $STATE$��(��) ȹ���մϴ�.;Acquire $STATE$ from $RECIPIENT$;Prendre $STATE$ de $RECIPIENT$;$STATE$ von $RECIPIENT$ erwerben;;;;;;;;;;;
demand_concession_casus_belli;������ �䱸;Demand Concession;Demande de concession;Konzession verlangen;;;;;;;;;;;
demand_concession_casus_belli_short;$STATE$ �䱸;Demand $STATE$;Demander $STATE$;Fordern Sie $STATE$;;;;;;;;;;;
demand_concession_casus_belli_desc;�Y�񹮸����W���� �������� ������ ������ �Ҿ��� �䱸�մϴ�.;Force an �Yuncivilized country�W to secede territory to form a colonial concession.;Obligez un �Ypays non civilise�W a faire secession d'un territoire pour former une concession coloniale.;Zwingen Sie ein �Yunzivilisiertes Land�W, Gebiete zur Grundung einer Kolonialkonzession abzuspalten.;;;;;;;;;;;
demand_concession_casus_belli_setup;$RECIPIENT$���� �������� ������ ������ �Ҿ��� �䱸�մϴ�.;Demand that $RECIPIENT$ secede territory to form a colonial concession.;Demandez a ce que $RECIPIENT$ fasse secession d'un territoire pour former une concession coloniale.;Verlangen Sie, dass $RECIPIENT$ Gebiete zur Grundung einer Kolonialkonzession abspaltet.;;;;;;;;;;;
demand_concession_NI_casus_belli;������ �䱸;Demand Concession;Demande de concession;Konzession verlangen;;;;;;;;;;;
demand_concession_NI_casus_belli_short;$STATE$ �䱸;Demand $STATE$;Demander $STATE$;Fordern Sie $STATE$;;;;;;;;;;;
demand_concession_NI_casus_belli_desc;�Y�񹮸����W���� �������� ������ ������ �Ҿ��� �䱸�մϴ�.;Force an �Yuncivilized country�W to secede territory to form a colonial concession.;Obligez un �Ypays non civilise�W a faire secession d'un territoire pour former une concession coloniale.;Zwingen Sie ein �Yunzivilisiertes Land�W, Gebiete zur Grundung einer Kolonialkonzession abzuspalten.;;;;;;;;;;;
demand_concession_NI_casus_belli_setup;$RECIPIENT$���� �������� ������ ������ �Ҿ��� �䱸�մϴ�.;Demand that $RECIPIENT$ secede territory to form a colonial concession.;Demandez a ce que $RECIPIENT$ fasse secession d'un territoire pour former une concession coloniale.;Verlangen Sie, dass $RECIPIENT$ Gebiete zur Grundung einer Kolonialkonzession abspaltet.;;;;;;;;;;;
demand_concession_BC_casus_belli;������ �䱸;Demand Concession;Demande de concession;Konzession verlangen;;;;;;;;;;;
demand_concession_BC_casus_belli_short;$STATE$ �䱸;Demand $STATE$;Demander $STATE$;Fordern Sie $STATE$;;;;;;;;;;;
demand_concession_BC_casus_belli_desc;�Y�񹮸����W���� �������� ������ ������ �Ҿ��� �䱸�մϴ�.;Force an �Yuncivilized country�W to secede territory to form a colonial concession.;Obligez un �Ypays non civilise�W a faire secession d'un territoire pour former une concession coloniale.;Zwingen Sie ein �Yunzivilisiertes Land�W, Gebiete zur Grundung einer Kolonialkonzession abzuspalten.;;;;;;;;;;;
demand_concession_BC_casus_belli_setup;$RECIPIENT$���� �������� ������ ������ �Ҿ��� �䱸�մϴ�.;Demand that $RECIPIENT$ secede territory to form a colonial concession.;Demandez a ce que $RECIPIENT$ fasse secession d'un territoire pour former une concession coloniale.;Verlangen Sie, dass $RECIPIENT$ Gebiete zur Grundung einer Kolonialkonzession abspaltet.;;;;;;;;;;;
rude_boy;����;Containment;Confinement;Beherrschung;;;;;;;;;;;
rude_boy_short;$RECIPIENT$ ����;Contain $RECIPIENT$;Contenir $RECIPIENT$;Halten Sie $RECIPIENT$ in Schach.;;;;;;;;;;;
rude_boy_desc;������ ��� ������ ������� �YŸ���W���� �� �߸��� ũ�� �ٿ��޶�� �䱸�մϴ�.;Force another �Ycountry�W, which has thrown off all pretenses of civilized conduct in the realm of international affairs, to vastly reduce its ambitions.;Obligez un autre �Ypays�W, qui s'est debarrasse de tout faux-semblant de conduite civilisee au royaume des affaires internationales, a limiter considerablement ses ambitions.;Zwingen Sie ein anderes �YLand�W, das bezuglich internationaler Beziehungen samtliche Vortauschungen zivilisierten Benehmens uber Bord geworfen hat, seine Ambitionen drastisch zu reduzieren.;;;;;;;;;;;
rude_boy_setup;����, ����, ����� ���Ҹ� ���� $RECIPIENT$��(��) �����մϴ�.;Contain $RECIPIENT$ by reducing their territory, prestige and military.;Confinez $RECIPIENT$ en reduisant son territoire, son prestige et son armee.;Halten Sie $RECIPIENT$ in Schach, indem Sie ihr Territorium, Prestige und Militar reduzieren.;;;;;;;;;;;
conquest;����;Conquest;Conquete;Annektieren;;;;;;;;;;;
conquest_short;$RECIPIENT$ �պ�;Annex $RECIPIENT$;Annexer $RECIPIENT$;$RECIPIENT$ annektieren;;;;;;;;;;;
conquest_desc;�ϳ��� �ַ� �̷���� �Y�����W�� �պ��մϴ�.;Annex a single-state �Ycountry�W;Annexer un �Ypays�W a un seul Etat;Annektieren Sie ein Einzelstaat-�YLand�W;;;;;;;;;;;
conquest_setup;$RECIPIENT$��(��) �պ��մϴ�.;Annex $RECIPIENT$;Annexer $RECIPIENT$;$RECIPIENT$ annektieren;;;;;;;;;;;
annex_africa;������ī ����;Scramble for Africa;;;;;;;;;;;;;
annex_africa_short;$RECIPIENT$ �Ҿ� �䱸;Demand that $RECIPIENT$ secede territory according to rules set at the Conference of Great Powers;;;;;;;;;;;;;
annex_africa_desc;���뱹 ���� ȸ�㿡�� ���� ��Ģ�� ���� �Y�񹮸����W���� �� �Ҿ��� �䱸�մϴ�.;Force an �Yuncivilized country�W to secede territory according to rules set at the Conference of Great Powers;;;;;;;;;;;;;
annex_africa_setup;���뱹 ���� ȸ�㿡�� ���� ��Ģ�� ���� $RECIPIENT$���� �� �Ҿ��� �䱸�մϴ�.;Demand that $RECIPIENT$ secede territory according to rules set at the Conference of Great Powers;;;;;;;;;;;;;
annex_africa_full;������ī ���� - �պ�;Scramble for Africa - Annex;;;;;;;;;;;;;
annex_africa_full_short;$RECIPIENT$ �պ�;Annex $RECIPIENT$;;;;;;;;;;;;;
annex_africa_full_desc;���뱹 ���� ȸ�㿡�� ���� ��Ģ�� ���� �Y�񹮸����W���� ��ȣ��ȭ�� �䱸�մϴ�.;Force an �Yuncivilized country�W to become a protectorate according to rules set at the Conference of Great Powers;;;;;;;;;;;;;
annex_africa_full_setup;���뱹 ���� ȸ�㿡�� ���� ��Ģ�� ���� $RECIPIENT$��(��) �պ��մϴ�.;Annex $RECIPIENT$ according to rules set at the Conference of Great Powers;;;;;;;;;;;;;
establish_protectorate_casus_belli;��ȣ�� ����;Establish Protectorate;Etablir un protectorat;Protektorat grunden;;;;;;;;;;;
establish_protectorate_casus_belli_short;$RECIPIENT$ �պ�;Annex $RECIPIENT$;Annexer $RECIPIENT$;Annektieren Sie $RECIPIENT$;;;;;;;;;;;
establish_protectorate_casus_belli_desc;�Y�񹮸����W�� ��ȣ������ �պ��մϴ�.;Annex an �Yuncivilized country�W by forcing them to become a protectorate of ours.;Annexez un �Ypays non civilise�W en l'obligeant a devenir l'un de nos protectorats.;Annektieren Sie ein �Yunzivilisiertes Land�W, indem Sie es zwingen, eines Ihrer Protektorate zu werden.;;;;;;;;;;;
establish_protectorate_casus_belli_setup;$RECIPIENT$��(��) ��ȣ������ �պ��մϴ�.;Annex $RECIPIENT$ by establishing a protectorate over them.;Annexez $RECIPIENT$ en etablissant un protectorat.;Annektieren Sie $RECIPIENT$ durch die Grundung eines Protektorats.;;;;;;;;;;;
establish_protectorate_NI_casus_belli;��ȣ�� ����;Establish Protectorate;Etablir un protectorat;Protektorat grunden;;;;;;;;;;;
establish_protectorate_NI_casus_belli_short;$RECIPIENT$ �պ�;Annex $RECIPIENT$;Annexer $RECIPIENT$;Annektieren Sie $RECIPIENT$;;;;;;;;;;;
establish_protectorate_NI_casus_belli_desc;�Y�񹮸����W�� ��ȣ������ �պ��մϴ�.;Annex an �Yuncivilized country�W by forcing them to become a protectorate of ours.;Annexez un �Ypays non civilise�W en l'obligeant a devenir l'un de nos protectorats.;Annektieren Sie ein �Yunzivilisiertes Land�W, indem Sie es zwingen, eines Ihrer Protektorate zu werden.;;;;;;;;;;;
establish_protectorate_NI_casus_belli_setup;$RECIPIENT$��(��) ��ȣ������ �պ��մϴ�.;Annex $RECIPIENT$ by establishing a protectorate over them.;Annexez $RECIPIENT$ en etablissant un protectorat.;Annektieren Sie $RECIPIENT$ durch die Grundung eines Protektorats.;;;;;;;;;;;
establish_protectorate_BC_casus_belli;��ȣ�� ����;Establish Protectorate;Etablir un protectorat;Protektorat grunden;;;;;;;;;;;
establish_protectorate_BC_casus_belli_short;$RECIPIENT$ �պ�;Annex $RECIPIENT$;Annexer $RECIPIENT$;Annektieren Sie $RECIPIENT$;;;;;;;;;;;
establish_protectorate_BC_casus_belli_desc;�Y�񹮸����W�� ��ȣ������ �պ��մϴ�.;Annex an �Yuncivilized country�W by forcing them to become a protectorate of ours.;Annexez un �Ypays non civilise�W en l'obligeant a devenir l'un de nos protectorats.;Annektieren Sie ein �Yunzivilisiertes Land�W, indem Sie es zwingen, eines Ihrer Protektorate zu werden.;;;;;;;;;;;
establish_protectorate_BC_casus_belli_setup;$RECIPIENT$��(��) ��ȣ������ �պ��մϴ�.;Annex $RECIPIENT$ by establishing a protectorate over them.;Annexez $RECIPIENT$ en etablissant un protectorat.;Annektieren Sie $RECIPIENT$ durch die Grundung eines Protektorats.;;;;;;;;;;;
status_quo;���� ����;Status Quo;;;;;;;;;;;;;
status_quo_short;���� ����;Status Quo;Statu quo;Status Quo;;;;;;;;;;;
status_quo_desc;�� ������ �Y�����ǥ�W�� �޼��ϴ� ���� ������ ���￡ �����մϴ�.;Attempt to intervene in a war, neglecting any side to fulfill their �Ywargoals�W;Tenter de participer a une guerre en negligeant les differents camps pour atteindre les �Yobjectifs de guerre�W;Versuchen Sie, in einen Krieg zu intervenieren und beiden Seiten die Erreichung ihrer �YKriegsziele�W zu verwehren.;;;;;;;;;;;
status_quo_setup;�䱸������ �׳� �������δ� ���Դϴ�.;All we ask is to be left alone;Nous demandons juste a ce qu'on nous laisse tranquilles.;Wir wollen nur in Ruhe gelassen werden.;;;;;;;;;;;
great_war_install_democracy;�������� ����;Install Democracy;Installez la democratie;Verursachen Sie Demokratie;;;;;;;;;;;
great_war_install_democracy_short;$RECIPIENT$�� ��ȣ���� �������� ����;Install a friendly democracy in $RECIPIENT$;Install a friendly democracy in $RECIPIENT$;Install a friendly democracy in $RECIPIENT$;;;;;;;;;;;
great_war_install_democracy_desc;������ ������ �Y��ȣ���� �������ΧW�� �����մϴ�.;Install a �Yfriendly democracy�W in the country's capital;Install a �Yfriendly democracy�W in the target country's capital;Install a �Yfriendly democracy�W in the target country's capital;;;;;;;;;;;
great_war_install_democracy_setup;$RECIPIENT$�� ��ȣ���� �������θ� �����մϴ�.;Install a friendly democracy in $RECIPIENT$;Install a friendly democracy in $RECIPIENT$;Install a friendly democracy in $RECIPIENT$;;;;;;;;;;;
great_war_install_fascism;Install Fascism;Installez le fascisme;Bringen Sie Faschismus an;;;;;;;;;;;
great_war_install_fascism_short;$RECIPIENT$�� ��ȣ���� �ļ����� ����;Install a fascist government in $RECIPIENT$;Install a fascist government in $RECIPIENT$;Install a fascist government in $RECIPIENT$;;;;;;;;;;;
great_war_install_fascism_desc;������ ������ �Y��ȣ���� �ļ����ΧW�� �����մϴ�.;Install a �Yfriendly fascist government�W in the country's capital;Install a �Yfriendly fascist government�W in the country's capital;Install a �Yfriendly fascist government�W in the country's capital;;;;;;;;;;;
great_war_install_fascism_setup;$RECIPIENT$�� ��ȣ���� �ļ����θ� �����մϴ�.;Install a fascist government in $RECIPIENT$;Install a fascist government in $RECIPIENT$;Install a fascist government in $RECIPIENT$;;;;;;;;;;;
great_war_install_communism;Install Communism;Installez le communisme;Bringen Sie Kommunismus an;;;;;;;;;;;
great_war_install_communism_short;$RECIPIENT$�� ��ȣ���� �������� ����;Install a communist government in $RECIPIENT$;Install a communist government in $RECIPIENT$;Install a communist government in $RECIPIENT$;;;;;;;;;;;
great_war_install_communism_desc;������ ������ �Y��ȣ���� �������ΧW�� �����մϴ�.;Install a �Yfriendly communist government�W in the country's capital;Install a �Yfriendly communist government�W in the country's capital;Install a �Yfriendly communist government�W in the country's capital;;;;;;;;;;;
great_war_install_communism_setup;$RECIPIENT$�� ��ȣ���� �������θ� �����մϴ�.;Install a communist government in $RECIPIENT$;Install a communist government in $RECIPIENT$;Install a communist government in $RECIPIENT$;;;;;;;;;;;
install_democracy;�������� ����;Install Democracy;Installez la democratie;Verursachen Sie Demokratie;;;;;;;;;;;
install_democracy_short;$RECIPIENT$�� ��ȣ���� �������� ����;Install a friendly democracy in $RECIPIENT$;Install a friendly democracy in $RECIPIENT$;Install a friendly democracy in $RECIPIENT$;;;;;;;;;;;
install_democracy_desc;������ ������ �Y��ȣ���� �������ΧW�� �����մϴ�.;Install a �Yfriendly democracy�W in the country's capital;Install a �Yfriendly democracy�W in the target country's capital;Install a �Yfriendly democracy�W in the target country's capital;;;;;;;;;;;
install_democracy_setup;$RECIPIENT$�� ��ȣ���� �������θ� �����մϴ�.;Install a friendly democracy in $RECIPIENT$;Install a friendly democracy in $RECIPIENT$;Install a friendly democracy in $RECIPIENT$;;;;;;;;;;;
install_fascism;�ļ����� ����;Install Fascism;Installez le fascisme;Bringen Sie Faschismus an;;;;;;;;;;;
install_fascism_short;$RECIPIENT$�� ��ȣ���� �ļ����� ����;Install a fascist government in $RECIPIENT$;Install a fascist government in $RECIPIENT$;Install a fascist government in $RECIPIENT$;;;;;;;;;;;
install_fascism_desc;������ ������ �Y��ȣ���� �ļ����ΧW�� �����մϴ�.;Install a �Yfriendly fascist government�W in the country's capital;Install a �Yfriendly fascist government�W in the country's capital;Install a �Yfriendly fascist government�W in the country's capital;;;;;;;;;;;
install_fascism_setup;$RECIPIENT$�� ��ȣ���� �ļ����θ� �����մϴ�.;Install a fascist government in $RECIPIENT$;Install a fascist government in $RECIPIENT$;Install a fascist government in $RECIPIENT$;;;;;;;;;;;
install_communism;�������� ����;Install Communism;Installez le communisme;Bringen Sie Kommunismus an;;;;;;;;;;;
install_communism_short;$RECIPIENT$�� ��ȣ���� �������� ����;Install a communist government in $RECIPIENT$;Install a communist government in $RECIPIENT$;Install a communist government in $RECIPIENT$;;;;;;;;;;;
install_communism_desc;������ ������ �Y��ȣ���� �������ΧW�� �����մϴ�.;Install a �Yfriendly communist government�W in the country's capital;Install a �Yfriendly communist government�W in the country's capital;Install a �Yfriendly communist government�W in the country's capital;;;;;;;;;;;
install_communism_setup;$RECIPIENT$�� ��ȣ���� �������θ� �����մϴ�.;Install a communist government in $RECIPIENT$;Install a communist government in $RECIPIENT$;Install a communist government in $RECIPIENT$;;;;;;;;;;;
call_allies_cb;���� ����;Call Allies;;;;;;;;;;;;;
call_allies_cb_short;���� ����;Call Allies;;;;;;;;;;;;;
call_allies_cb_desc;���ͱ����� �����մϴ�.;Call Allies;;;;;;;;;;;;;
call_allies_cb_setup;���ͱ����� �����մϴ�.;Call Allies;;;;;;;;;;;;;
acquire_any_state;�� �Ҿ�;Acquire State;Prendre territoire cle;Kernprovinz erwerben;;;;;;;;;;;
acquire_any_state_short;$RECIPIENT$ ȹ��;Acquire $STATE$;Prendre $STATE$;$STATE$ erwerben;;;;;;;;;;;
acquire_any_state_desc;�������Լ� �Y�֧W�� ȹ���մϴ�.;Aquire an enemy �Ystate�W;Prendre un �YEtat�W ennemi ou nous avons des �Yprovinces principales�W;Erobern Sie einen feindlichen �YStaat�W, in dem wir �YKernprovinzen�W haben.;;;;;;;;;;;
acquire_any_state_setup;$RECIPIENT$���Լ� $STATE$��(��) ȹ���մϴ�.;Acquire $STATE$ from $RECIPIENT$;Prendre Etat cle $STATE$ de $RECIPIENT$;Kern-$STATE$ von $RECIPIENT$ erwerben;;;;;;;;;;;
conquest_any;����;Conquest;;;;;;;;;;;;;
conquest_any_short;$RECIPIENT$ �պ�;Annex $RECIPIENT$;;;;;;;;;;;;;
conquest_any_desc;�Y�����W�� �պ��մϴ�.;Conquer an �Yenemy country�W;;;;;;;;;;;;;
conquest_any_setup;$RECIPIENT$��(��) �պ��մϴ�.;Annex $RECIPIENT$;;;;;;;;;;;;;
hre_unification;������ ����;Imperial Authority;;;;;;;;;;;;;
hre_unification_short;$RECIPIENT$���Լ� ������ �ع�;Liberate the Imperial lands from $RECIPIENT$;;;;;;;;;;;;;
hre_unification_desc;������ ����ġ�� �츮�� ���� �Ʒ� �ż� �θ� ������ �����ؾ� �մϴ�!;We have to beat our ennemies and unify the HRE under our authority !;;;;;;;;;;;;;
hre_unification_setup;$RECIPIENT$���Լ� �������� �ع��մϴ�.;Liberate the Imperial lands from $RECIPIENT$;;;;;;;;;;;;;
hre_unification2;������ ����;Imperial Authority;;;;;;;;;;;;;
hre_unification2_short;$RECIPIENT$���Լ� ������ �ع�;Liberate the Imperial lands from $RECIPIENT$;;;;;;;;;;;;;
hre_unification2_desc;������ ����ġ�� �츮�� ���� �Ʒ� �ż� �θ� ������ �����ؾ� �մϴ�!;We have to beat our ennemies and unify the HRE under our authority !;;;;;;;;;;;;;
hre_unification2_setup;$RECIPIENT$���Լ� �������� �ع��մϴ�.;Liberate the Imperial lands from $RECIPIENT$;;;;;;;;;;;;;
annex_india_AI;�ε� ���� - �� �䱸;Scramble for India - Demand State;;;;;;;;;;;;x
annex_india_AI_desc;���뱹���� ȸ�㿡�� ���� ��Ģ�� ���� �Y�񹮸����W���� �� �Ҿ��� �䱸�մϴ�.;Force an �Yuncivilized country�W to secede territory according to rules set at the Conference of Great Powers;;;;;;;;;;;;x
annex_india_AI_setup;���뱹 ���� ȸ�㿡�� ���� ��Ģ�� ���� $RECIPIENT$���� �� �Ҿ��� �䱸�մϴ�.;Demand that $RECIPIENT$ secede territory according to rules set at the Conference of Great Powers;;;;;;;;;;;;x
annex_india_AI_short;$STATE$ �䱸;Demand $STATE$;;;;;;;;;;;;x
annex_india_full_AI;�ε� ���� - �պ�;Scramble for India - Annex;;;;;;;;;;;;x
annex_india_full_AI_desc;���뱹 ���� ȸ�㿡�� ���� ��Ģ�� ���� �Y�񹮸����W���� ��ȣ��ȭ�� �䱸�մϴ�.;Force an �Yuncivilized country�W to become a protectorate according to rules set at the Conference of Great Powers;;;;;;;;;;;;x
annex_india_full_AI_setup;���뱹 ���� ȸ�㿡�� ���� ��Ģ�� ���� $RECIPIENT$��(��) �պ��մϴ�.;Annex $RECIPIENT$ according to rules set at the Conference of Great Powers;;;;;;;;;;;;x
annex_india_full_AI_short;$RECIPIENT$ �պ�;Annex $RECIPIENT$;;;;;;;;;;;;x
AGRESSION_WAR_DISMANTLE_NAME;$ORDER$$FIRST_COUNTRY$�� ħ������;$ORDER$ War of $FIRST$ Aggression;$ORDER$ Offensive Militaire $FIRST$;$ORDER$ $FIRST$ Angriffskrieg;Wojna $ORDER$$FIRST$-$SECOND$;Guerra $ORDER$$FIRST$-$SECOND$;$ORDER$ Guerra $FIRST$-$SECOND$;$ORDER$$FIRST$-$SECOND$ haboru;$ORDER$$FIRST$-$SECOND$ valka;;;;;;
NORMAL_WAR_DISMANTLE_NAME;$ORDER$$SECOND_COUNTRY$ �Ĺ����� ��ü ����;$ORDER$$FIRST$ War to Dismantle the $SECOND$ Empire;Grande Guerre $ORDER$$FIRST$-$SECOND$;$ORDER$$FIRST$-$SECOND$ Gro��er Krieg;Baza;Base:;Base:;Alap:;Zakladna:;;;;;;
AGRESSION_WAR_NAME;$ORDER$$FIRST_COUNTRY$�� ħ������;$ORDER$War of $FIRST$ Aggression;$ORDER$ Offensive Militaire $FIRST$;$ORDER$ $FIRST$ Angriffskrieg;Wojna $ORDER$$FIRST$-$SECOND$;Guerra $ORDER$$FIRST$-$SECOND$;$ORDER$ Guerra $FIRST$-$SECOND$;$ORDER$$FIRST$-$SECOND$ haboru;$ORDER$$FIRST$-$SECOND$ valka;;;;;;
NORMAL_WAR_NAME;$ORDER$$FIRST_COUNTRY$-$SECOND_COUNTRY$ ����;$ORDER$$FIRST$-$SECOND$ War;Guerre $ORDER$$FIRST$-$SECOND$;$ORDER$$FIRST$-$SECOND$ Krieg;Baza;Base:;Base:;Alap:;Zakladna:;;;;;;
NORMAL_WAR_NAME_ENG_USA;$ORDER$$FIRST_COUNTRY$-$SECOND_COUNTRY$ ����;$ORDER$$FIRST$-$SECOND$ War;;;;;;;;;;;;;
AGRESSION_WAR_TAKE_CORE_NAME;$ORDER$$STATE$ ħ������;$ORDER$$FIRST$ Aggression for $STATE$;$ORDER$$FIRST$ aggression pour $STATE$;$ORDER$$FIRST$ Aggression um $STATE$;;;;;;;;;;;
NORMAL_WAR_TAKE_CORE_NAME;$ORDER$$STATE$ �ع�����;$ORDER$$FIRST$ Liberation of $STATE$;$ORDER$$FIRST$ liberation de $STATE$;$ORDER$$FIRST$ Befreiung von $STATE$;;;;;;;;;;;
NORMAL_WAR_TAKE_CORE_NAME_SHW_GON;�ǰ��ô�;Zemene Mesafint;;;;;;;;;;;;;
NORMAL_WAR_TAKE_CORE_NAME_SHW_TIG;�ǰ��ô�;Zemene Mesafint;;;;;;;;;;;;;
NORMAL_WAR_TAKE_CORE_NAME_GON_SHW;�ǰ��ô�;Zemene Mesafint;;;;;;;;;;;;;
NORMAL_WAR_TAKE_CORE_NAME_GON_TIG;�ǰ��ô�;Zemene Mesafint;;;;;;;;;;;;;
NORMAL_WAR_TAKE_CORE_NAME_TIG_SHW;�ǰ��ô�;Zemene Mesafint;;;;;;;;;;;;;
NORMAL_WAR_TAKE_CORE_NAME_TIG_GON;�ǰ��ô�;Zemene Mesafint;;;;;;;;;;;;;
NORMAL_WAR_TAKE_CORE_NAME_ENG_USA;$ORDER$$FIRST$ Liberation of $STATE$;;;;;;;;;;;;;
AGRESSION_WAR_ALL_CORES_NAME;$ORDER$$STATE$ �ع�����;$ORDER$War of $FIRST$ Liberation;;;;;;;;;;;;;
AGRESSION_WAR_ALL_CORES_NAME_USA_MEX;$ORDER$�̱�-�߽��� ����;$ORDER$Mexican-American War;;;;;;;;;;;;;
NORMAL_WAR_ALL_CORES_NAME;$ORDER$$FIRST_COUNTRY$ �ع�����;$ORDER$War of $FIRST$ Liberation;;;;;;;;;;;;;
NORMAL_WAR_ALL_CORES_NAME_USA_MEX;$ORDER$�̱�-�߽��� ����;$ORDER$Mexican-American War;;;;;;;;;;;;;
AGRESSION_WAR_UNIFICATION_NAME;$ORDER$$STATE$ �ع�����;$ORDER$ $FIRST$ Liberation of $STATE$;$ORDER$$FIRST$ liberation de $STATE$;$ORDER$$FIRST$ Befreiung von $STATE$;;;;;;;;;;;
NORMAL_WAR_UNIFICATION_NAME;$ORDER$$STATE$ �ع�����;$ORDER$ $FIRST$ Liberation of $STATE$;$ORDER$$FIRST$ liberation de $STATE$;$ORDER$$FIRST$ Befreiung von $STATE$;;;;;;;;;;;
AGRESSION_CIVIL_WAR_NAME;$ORDER$$FIRST_COUNTRY$ ����;$ORDER$$FIRST$ Civil War;$ORDER$ guerre civile $FIRST$;$ORDER$$FIRST$ Burgerkrieg;;;;;;;;;;;
AGRESSION_CIVIL_WAR_NAME_QNG_TPG;$ORDER$����õ���� ��;$ORDER$Taiping Rebellion;;;;;;;;;;;;;
NORMAL_CIVIL_WAR_NAME;$ORDER$$FIRST_COUNTRY$ ����;$ORDER$$FIRST$ Civil War;$ORDER$ guerre civile $FIRST$;$ORDER$$FIRST$ Burgerkrieg;;;;;;;;;;;
NORMAL_CIVIL_WAR_NAME_TKG_SAT;$ORDER$���� ����;$ORDER$Boshin War;;;;;;;;;;;;;
NORMAL_CIVIL_WAR_NAME_TKG_CHO;$ORDER$���� ����;$ORDER$Boshin War;;;;;;;;;;;;;
NORMAL_CIVIL_WAR_NAME_TKG_TOS;$ORDER$���� ����;$ORDER$Boshin War;;;;;;;;;;;;;
NORMAL_CIVIL_WAR_NAME_TKG_KAG;$ORDER$���� ����;$ORDER$Boshin War;;;;;;;;;;;;;
NORMAL_CIVIL_WAR_NAME_TKG_SEN;$ORDER$���� ����;$ORDER$Boshin War;;;;;;;;;;;;;
NORMAL_CIVIL_WAR_NAME_TKG_YZW;$ORDER$���� ����;$ORDER$Boshin War;;;;;;;;;;;;;
NORMAL_CIVIL_WAR_NAME_USA_FSA;$ORDER$�̱� ����;$ORDER$American Civil War;$ORDER$ guerre de rebellion;$ORDER$Rebellionskrieg;;;;;;;;;;;
NORMAL_CIVIL_WAR_NAME_NEJ_HAL;$ORDER$�ƶ��� ����� ��Ż����;$ORDER$War of Arabian Domination;;;;;;;;;;;;;
NORMAL_CIVIL_WAR_NAME_HAL_NEJ;$ORDER$�ƶ��� ����� ��Ż����;$ORDER$War of Arabian Domination;;;;;;;;;;;;;
NORMAL_CIVIL_WAR_NAME_QNG_TPG;$ORDER$����õ���� ��;$ORDER$Taiping Rebellion;;;;;;;;;;;;;
AGRESSION_WAR_UNIFICATION_ANNEX_NAME;$ORDER$$SECOND_COUNTRY$ �ع�����;$ORDER$ $FIRST$ Liberation of $SECOND_COUNTRY$;$ORDER$ $FIRST$ liberation de $SECOND_COUNTRY$;$ORDER$ $FIRST$ Befreiung von $SECOND_COUNTRY$;;;;;;;;;;;
NORMAL_WAR_UNIFICATION_ANNEX_NAME;$ORDER$$SECOND_COUNTRY$ �ع�����;$ORDER$ $FIRST$ Liberation of $SECOND_COUNTRY$;$ORDER$ $FIRST$ liberation de $SECOND_COUNTRY$;$ORDER$ $FIRST$ Befreiung von $SECOND_COUNTRY$;;;;;;;;;;;
AGRESSION_WAR_RESTORE_ORDER_NAME;$ORDER$$SECOND$ ���� ȸ�� ����;$ORDER$$FIRST$ Restoration of Order to the $SECOND$ provinces;$ORDER$$FIRST$ retablissement de l'ordre dans les provinces de $SECOND$;$ORDER$$FIRST$ Wiederherstellung der Ordnung in den $SECOND$ Provinzen;;;;;;;;;;;
AGRESSION_WAR_RESTORE_ORDER_NAME_ARG_ENT;$ORDER$���ö�Ÿ ����;$ORDER$ Platine War;;;;;;;;;;;;;
NORMAL_WAR_RESTORE_ORDER_NAME;$ORDER$$SECOND$ ���� ȸ�� ����;$ORDER$$FIRST$ Restoration of Order to the $SECOND$ provinces;$ORDER$$FIRST$ retablissement de l'ordre dans les provinces de $SECOND$;$ORDER$$FIRST$ Wiederherstellung der Ordnung in den $SECOND$ Provinzen;;;;;;;;;;;
NORMAL_WAR_RESTORE_ORDER_NAME_ENG_TRN;$ORDER$���� ����;$ORDER$Boer War;;;;;;;;;;;;;
NORMAL_WAR_RESTORE_ORDER_NAME_ENG_ORA;$ORDER$���� ����;$ORDER$Boer War;;;;;;;;;;;;;
NORMAL_WAR_RESTORE_ORDER_NAME_ENG_NAL;$ORDER$���� ����;$ORDER$Boer War;;;;;;;;;;;;;
NORMAL_WAR_RESTORE_ORDER_NAME_SHW_GON;�ǰ��ô�;Zemene Mesafint;;;;;;;;;;;;;
NORMAL_WAR_RESTORE_ORDER_NAME_SHW_TIG;�ǰ��ô�;Zemene Mesafint;;;;;;;;;;;;;
NORMAL_WAR_RESTORE_ORDER_NAME_GON_SHW;�ǰ��ô�;Zemene Mesafint;;;;;;;;;;;;;
NORMAL_WAR_RESTORE_ORDER_NAME_GON_TIG;�ǰ��ô�;Zemene Mesafint;;;;;;;;;;;;;
NORMAL_WAR_RESTORE_ORDER_NAME_TIG_SHW;�ǰ��ô�;Zemene Mesafint;;;;;;;;;;;;;
NORMAL_WAR_RESTORE_ORDER_NAME_TIG_GON;�ǰ��ô�;Zemene Mesafint;;;;;;;;;;;;;
NORMAL_WAR_RESTORE_ORDER_NAME_ARG_ENT;$ORDER$���ö�Ÿ ����;$ORDER$ Platine War;;;;;;;;;;;;;
AGRESSION_WAR_ADD_SPHERE_NAME;$ORDER$$SECOND_COUNTRY$ ����ȭ ����;$ORDER$War of $SECOND$ Subjugation;$ORDER$ guerre de la subjugation $SECOND$;$ORDER$Krieg der $SECOND$ Unterjochung;;;;;;;;;;;
NORMAL_WAR_ADD_SPHERE_NAME;$ORDER$$SECOND_COUNTRY$ ����� ���� ����;$ORDER$War of $SECOND$ Submission;$ORDER$ guerre de la soumission $SECOND$;$ORDER$Krieg der $SECOND$ Unterwerfung;;;;;;;;;;;
AGRESSION_UNIFICATION_HUMILIATE_NAME;$FIRST_COUNTRY$-$SECOND_COUNTRY$ ��������;The $FIRST$-$SECOND$ Brother's War;$FIRST$-$SECOND$ guerre fraternelle ;Der $FIRST$-$SECOND$ Bruderkrieg;;;;;;;;;;;
NORMAL_UNIFICATION_HUMILIATE_NAME;$FIRST_COUNTRY$-$SECOND_COUNTRY$ ��������;The $FIRST$-$SECOND$ Brother's War;$FIRST$-$SECOND$ guerre fraternelle ;Der $FIRST$-$SECOND$ Bruderkrieg;;;;;;;;;;;
AGRESSION_WAR_TAKE_SPHERE_NAME;$ORDER$$COUNTRY$ ����� ����;$ORDER$$FIRST$-$SECOND$ War over $COUNTRY$;$ORDER$ guerre $FIRST$-$SECOND$ pour $COUNTRY$;$ORDER$$FIRST$-$SECOND$ Krieg um $COUNTRY$;;;;;;;;;;;
NORMAL_WAR_TAKE_SPHERE_NAME;$ORDER$$COUNTRY$ ����;$ORDER$$COUNTRY$ War;$ORDER$ guerre de $COUNTRY$;$ORDER$$COUNTRY$ Krieg;;;;;;;;;;;
AGRESSION_WAR_FREE_NAME;$ORDER$$COUNTRY$ ���� ����;$ORDER$$FIRST$ War of Propping up $COUNTRY$;$ORDER$$FIRST$ guerre de soutien de $COUNTRY$;$ORDER$$FIRST$ Krieg zur Absicherung von $COUNTRY$;;;;;;;;;;;
NORMAL_WAR_FREE_NAME;$ORDER$$COUNTRY$ �ع�����;$ORDER$$FIRST$ War of $COUNTRY_ADJ$ Freedom;$ORDER$$FIRST$ guerre de la liberte $COUNTRY_ADJ$;$ORDER$$FIRST$ $COUNTRY_ADJ$ Freiheitskrieg;;;;;;;;;;;
AGRESSION_WAR_FREE_ALLIED_CORE_NAME;$ORDER$$COUNTRY$ ���� ���� ����;$ORDER$$FIRST$ War of $COUNTRY_ADJ$ Restoration;;;;;;;;;;;;;
NORMAL_WAR_FREE_ALLIED_CORE_NAME;$ORDER$$COUNTRY$ ���� ���� ����;$ORDER$$FIRST$ War of $COUNTRY_ADJ$ Restoration;;;;;;;;;;;;;
AGRESSION_CUT_DOWN_TO_SIZE_WAR_NAME;$ORDER$$FIRST_COUNTRY$ ħ������;$ORDER$War of $FIRST$ Aggression;$ORDER$$FIRST$ guerre d'aggression;$ORDER$$FIRST$er Angriffskrieg;Wojna $ORDER$$FIRST$-$SECOND$;$ORDER$Guerra de $FIRST$ agresion;$ORDER$ Guerra $FIRST$-$SECOND$;$ORDER$$FIRST$-$SECOND$ haboru;$ORDER$$FIRST$-$SECOND$ valka;;;;;;
AGRESSION_CUT_DOWN_TO_SIZE_WAR_NAME_RUS_TUR;$ORDER$ũ�� ����;$ORDER$Crimean War;;;;;;;;;;;;;
NORMAL_CUT_DOWN_TO_SIZE_WAR_NAME;$ORDER$$FIRST_COUNTRY$-$SECOND_COUNTRY$ ����;$ORDER$$FIRST$-$SECOND$ War;Guerre $ORDER$$FIRST$-$SECOND$;$ORDER$$FIRST$-$SECOND$er Krieg;Baza;Guerra $ORDER$$FIRST$-$SECOND$;Base:;Alap:;Zakladna:;;;;;;
NORMAL_CUT_DOWN_TO_SIZE_WAR_NAME_RUS_TUR;$ORDER$ũ�� ����;$ORDER$Crimean War;;;;;;;;;;;;;
AGRESSION_WAR_HUMILIATE_NAME;$ORDER$$SECOND_COUNTRY$ ��� ����;$ORDER$$FIRST$ War to Humiliate $SECOND$;$ORDER$ guerre pour l'honneur $FIRST$-$SECOND$;$ORDER$$FIRST$-$SECOND$ Krieg der Ehre;;;;;;;;;;;
AGRESSION_WAR_COLONIAL_NAME;$ORDER$$STATE$ �Ĺ�ȭ ����;$ORDER$$FIRST$ Colonial War for $STATE$;$ORDER$$FIRST$ guerre coloniale pour $STATE$;$ORDER$$FIRST$ Kolonialkrieg um $STATE$;;;;;;;;;;;
NORMAL_WAR_COLONIAL_NAME;$ORDER$$STATE$ �Ĺ��� ��������;$ORDER$$FIRST$ Colonial Conquest of $STATE$;$ORDER$$FIRST$ conquete coloniale de $STATE$;$ORDER$$FIRST$ Kolonialeroberung von $STATE$;;;;;;;;;;;
AGRESSION_WAR_TAKE_NAME;$ORDER$$STATE$ ����;$ORDER$$FIRST$ War of $STATE$;$ORDER$$FIRST$ guerre de $STATE$;$ORDER$$FIRST$ Krieg von $STATE$;;;;;;;;;;;
NORMAL_WAR_TAKE_NAME;$ORDER$$STATE$ ����;$ORDER$$FIRST$ Conquest of $STATE$;$ORDER$$FIRST$ conquete de $STATE$;$ORDER$$FIRST$ Eroberung von $STATE$;;;;;;;;;;;
NORMAL_WAR_TAKE_NAME_ENG_QNG;$ORDER$���� ����;$ORDER$Opium War;;;;;;;;;;;;;
NORMAL_WAR_TAKE_NAME_ENG_USA;$ORDER$$STATE$ ����;$ORDER$$FIRST$ Conquest of $STATE$;;;;;;;;;;;;;
AGRESSION_WAR_CHINA_REUNIFICATION;$ORDER$$FIRST_COUNTRY$-$SECOND_COUNTRY$ �߱� ��������;$ORDER$$FIRST$-$SECOND$ War of Chinese Reunification;Guerre $ORDER$$FIRST$-$SECOND$;$ORDER$$FIRST$-$SECOND$ Krieg;Baza;Base:;Base:;Alap:;Zakladna:;;;;;;
NORMAL_WAR_CHINA_REUNIFICATION;$ORDER$$FIRST_COUNTRY$-$SECOND_COUNTRY$ �߱� ��������;$ORDER$$FIRST$-$SECOND$ War of Chinese Reunification;Guerre $ORDER$$FIRST$-$SECOND$;$ORDER$$FIRST$-$SECOND$ Krieg;Baza;Base:;Base:;Alap:;Zakladna:;;;;;;
AGRESSION_WAR_CONCESSION_NAME;$ORDER$$STATE$ ����;$ORDER$ War of The $STATE$ Concession;$ORDER$ Guerre de concession de $STATE$;$ORDER$ Krieg der $STATE$-Konzession;;;;;;;;;;;
NORMAL_WAR_CONCESSION_NAME;$ORDER$$STATE$ ����;$ORDER$ War of The $STATE$ Concession;$ORDER$ Guerre de concession de $STATE$;$ORDER$ Krieg der $STATE$-Konzession;;;;;;;;;;;
AGRESSION_WAR_RUDEBOI_NAME;$ORDER$$SECOND_COUNTRY$ ��������;$ORDER$$FIRST$ War of $SECOND$ Containment;$ORDER$$FIRST$ guerre de confinement $SECOND$;$ORDER$$FIRST$ Krieg der $SECOND$ Beherrschung;;;;;;;;;;;
NORMAL_WAR_RUDEBOI_NAME;$ORDER$$SECOND_COUNTRY$ ��������;$ORDER$$FIRST$ War of $SECOND$ Containment;$ORDER$$FIRST$ guerre de confinement $SECOND$;$ORDER$$FIRST$ Krieg der $SECOND$ Beherrschung;;;;;;;;;;;
AGRESSION_WAR_CONQUEST_NAME;$ORDER$ $FIRST_COUNTRY$�� ħ������;$ORDER$War of $FIRST$ Aggression against $SECOND_COUNTRY$;$ORDER$ guerre de l'aggression $FIRST$ sur $SECOND$;$ORDER$Krieg der $FIRST$ Aggression gegen $SECOND$;;;;;;;;;;;
NORMAL_WAR_CONQUEST_NAME;$ORDER$$SECOND_COUNTRY$ ����;$ORDER$Conquest of $SECOND$ War;$ORDER$ conquete de la guerre $SECOND$;$ORDER$Eroberung des $SECOND$ Krieges;;;;;;;;;;;
AGRESSION_WAR_PROTECTORATE_NAME;$ORDER$$SECOND_COUNTRY$ ����;$ORDER$ Acquisition of $FIRST$ $SECOND_COUNTRY$;$ORDER$ $FIRST$ acquisition de $SECOND_COUNTRY$;$ORDER$ Ubernahme von $FIRST$ $SECOND_COUNTRY$;;;;;;;;;;;
NORMAL_WAR_PROTECTORATE_NAME;$ORDER$$SECOND_COUNTRY$ ����;$ORDER$ Acquisition of $FIRST$ $SECOND_COUNTRY$;$ORDER$ $FIRST$ acquisition de $SECOND_COUNTRY$;$ORDER$ Ubernahme von $FIRST$ $SECOND_COUNTRY$;;;;;;;;;;;
AGRESSION_WAR_PUPPET_NAME;$ORDER$$SECOND_COUNTRY$ ����ȭ ����;$ORDER$War of $FIRST$ Control Over $SECOND_COUNTRY$;$ORDER$ guerre de $FIRST$ pour le controle de $SECOND_COUNTRY$;$ORDER$ Krieg um die Kontrolle von $FIRST$ uber $SECOND_COUNTRY$;;;;;;;;;;;
AGRESSION_WAR_PUPPET_NAME_TUR_ROM;$ORDER$�縶�Ͼ� ��������;$ORDER$Romanian War of Independence;;;;;;;;;;;;;
AGRESSION_WAR_PUPPET_NAME_ENG_IRE;$ORDER$���Ϸ��� ��������;$ORDER$Irish War of Independence;;;;;;;;;;;;;
NORMAL_WAR_PUPPET_NAME_TUR_EGY;$ORDER$���� ����;$ORDER$Oriental Crisis;;;;;;;;;;;;;
NORMAL_WAR_PUPPET_NAME_TUR_ROM;$ORDER$�θ��Ͼ� ��������;$ORDER$Romanian War of Independence;;;;;;;;;;;;;
NORMAL_WAR_PUPPET_NAME_ENG_IRE;$ORDER$���Ϸ��� ��������;$ORDER$Irish War of Independence;;;;;;;;;;;;;
